{"episode/score": -39.67383452819687, "_timestamp": 1716427056.9114263, "episode/success_rate": 0.0, "_runtime": 51.67197132110596, "_step": 4}