{"episode/score": -39.20827318364892, "_timestamp": 1716426807.1068347, "episode/success_rate": 5.0, "_runtime": 825.8667435646057, "_step": 68}