{"episode/score": -21.043515658272952, "_timestamp": 1716424076.8713162, "episode/success_rate": 0.0, "_runtime": 87.20086812973022, "_step": 7}