{"episode/score": -53.44123737451357, "_timestamp": 1716426977.8263729, "episode/success_rate": 0.0, "_runtime": 124.21458792686462, "_step": 10}