{"episode/score": -72.92459469960279, "_timestamp": 1716424685.793906, "episode/success_rate": 5.0, "_runtime": 233.4272119998932, "_step": 19}