{"episode/score": -39.44126692755669, "_timestamp": 1716427223.6951916, "episode/success_rate": 0.0, "_runtime": 51.60201954841614, "_step": 4}