{"episode/score": -35.435566733342114, "_timestamp": 1716427163.0586703, "episode/success_rate": 0.0, "_runtime": 87.84707117080688, "_step": 7, "episode/ss": 1, "Network/ss": 1}